{"recall/roi_0.3": 0.0, "recall/rcnn_0.3": 0.9984848484848485, "recall/roi_0.5": 0.0, "recall/rcnn_0.5": 0.9787878787878788, "recall/roi_0.7": 0.0, "recall/rcnn_0.7": 0.7636363636363637, "Person_aos/easy_R40": 57.75637028190867, "Person_aos/moderate_R40": 57.75637028190867, "Person_aos/hard_R40": 57.75637028190867, "Person_3d/easy_R40": 69.72085307309213, "Person_3d/moderate_R40": 69.72085307309213, "Person_3d/hard_R40": 69.72085307309213, "Person_bev/easy_R40": 73.61855222144737, "Person_bev/moderate_R40": 73.61855222144737, "Person_bev/hard_R40": 73.61855222144737, "Person_image/easy_R40": 99.31423684426382, "Person_image/moderate_R40": 99.31423684426382, "Person_image/hard_R40": 99.31423684426382}